{
  "baseline": {
    "accuracy": 0.6591605392156863,
    "loss": 1.819822831091538,
    "macro_f1": 0.2936368085441275,
    "macro_precision": 0.3728019386996836,
    "macro_recall": 0.2694675975436819
  },
  "delta_vs_baseline": {
    "accuracy": -0.0001021241830065911,
    "loss": 0.0023610077652276296,
    "macro_f1": -0.0008185748897476253,
    "macro_precision": -0.003198573291871787,
    "macro_recall": -0.00027315494070356827
  },
  "routed": {
    "accuracy": 0.6590584150326797,
    "loss": 1.8221838388567657,
    "macro_f1": 0.29281823365437987,
    "macro_precision": 0.3696033654078118,
    "macro_recall": 0.2691944426029783
  },
  "routing_summary": {
    "dominant_counts": {
      "classical_band_pass": 3438,
      "classical_hard_topk": 4265,
      "quantum_hard_topk": 3555,
      "quantum_high_pass": 8326
    },
    "max_entropy": 1.1167237758636475,
    "mean_entropy": 0.5970608592033386,
    "mean_weights": {
      "classical_band_pass": 0.18315978348255157,
      "classical_hard_topk": 0.2331772893667221,
      "quantum_hard_topk": 0.200958713889122,
      "quantum_high_pass": 0.3827041983604431
    }
  }
}