{
  "baseline": {
    "accuracy": 0.6591605392156863,
    "loss": 1.819822831091538,
    "macro_f1": 0.2936368085441275,
    "macro_precision": 0.3728019386996836,
    "macro_recall": 0.2694675975436819
  },
  "delta_vs_baseline": {
    "accuracy": 0.00015318627450977562,
    "loss": 0.0058687099444318935,
    "macro_f1": -0.0016414444105729564,
    "macro_precision": -0.0024901627799664983,
    "macro_recall": -0.001705714434759087
  },
  "steered": {
    "accuracy": 0.6593137254901961,
    "loss": 1.82569154103597,
    "macro_f1": 0.29199536413355454,
    "macro_precision": 0.3703117759197171,
    "macro_recall": 0.2677618831089228
  }
}