{
  "baseline": {
    "accuracy": 0.6591605392156863,
    "loss": 1.819822831091538,
    "macro_f1": 0.2936368085441275,
    "macro_precision": 0.3728019386996836,
    "macro_recall": 0.2694675975436819
  },
  "delta_vs_baseline": {
    "accuracy": -0.0001021241830065911,
    "loss": 0.0032449952917159575,
    "macro_f1": -0.0009047985661250757,
    "macro_precision": -0.0005059082936134107,
    "macro_recall": -0.0015197511041880052
  },
  "steered": {
    "accuracy": 0.6590584150326797,
    "loss": 1.823067826383254,
    "macro_f1": 0.2927320099780024,
    "macro_precision": 0.3722960304060702,
    "macro_recall": 0.2679478464394939
  }
}