{
  "baseline": {
    "accuracy": 0.6591605392156863,
    "loss": 1.819822831091538,
    "macro_f1": 0.2936368085441275,
    "macro_precision": 0.3728019386996836,
    "macro_recall": 0.2694675975436819
  },
  "delta_vs_baseline": {
    "accuracy": 0.00010212418300648007,
    "loss": 0.0013892393486172327,
    "macro_f1": 7.290389078351556e-05,
    "macro_precision": -0.0015153513946661867,
    "macro_recall": 0.000390376261440728
  },
  "routed": {
    "accuracy": 0.6592626633986928,
    "loss": 1.8212120704401553,
    "macro_f1": 0.293709712434911,
    "macro_precision": 0.3712865873050174,
    "macro_recall": 0.2698579738051226
  },
  "routing_summary": {
    "dominant_counts": {
      "classical_band_pass": 3438,
      "classical_hard_topk": 4265,
      "quantum_hard_topk": 3555,
      "quantum_high_pass": 8326
    },
    "max_entropy": 1.1167237758636475,
    "mean_entropy": 0.5970608592033386,
    "mean_weights": {
      "classical_band_pass": 0.18315978348255157,
      "classical_hard_topk": 0.2331772893667221,
      "quantum_hard_topk": 0.200958713889122,
      "quantum_high_pass": 0.3827041983604431
    }
  }
}