{
  "baseline": {
    "accuracy": 0.6682068862721717,
    "loss": 1.8153298428524516,
    "macro_f1": 0.24566211738462043,
    "macro_precision": 0.31051384186564535,
    "macro_recall": 0.23040697317600686
  },
  "delta_vs_baseline": {
    "accuracy": 0.0,
    "loss": 0.003595065228326755,
    "macro_f1": -0.0015566878199551049,
    "macro_precision": 0.001623949263104718,
    "macro_recall": -0.0024339931215886512
  },
  "steered": {
    "accuracy": 0.6682068862721717,
    "loss": 1.8189249080807783,
    "macro_f1": 0.24410542956466533,
    "macro_precision": 0.31213779112875006,
    "macro_recall": 0.2279729800544182
  }
}