{
  "baseline": {
    "accuracy": 0.6682068862721717,
    "loss": 1.8153298428524516,
    "macro_f1": 0.24566211738462043,
    "macro_precision": 0.31051384186564535,
    "macro_recall": 0.23040697317600686
  },
  "delta_vs_baseline": {
    "accuracy": -7.452675510510876e-05,
    "loss": 0.001282630138735641,
    "macro_f1": -0.0005314919188129097,
    "macro_precision": 0.0007832587996093321,
    "macro_recall": -0.0014081321587104123
  },
  "routed": {
    "accuracy": 0.6681323595170666,
    "loss": 1.8166124729911872,
    "macro_f1": 0.24513062546580752,
    "macro_precision": 0.3112971006652547,
    "macro_recall": 0.22899884101729645
  },
  "routing_summary": {
    "dominant_counts": {
      "classical_band_pass": 1934,
      "classical_hard_topk": 2953,
      "quantum_hard_topk": 2617,
      "quantum_high_pass": 5914
    },
    "max_entropy": 1.1166657209396362,
    "mean_entropy": 0.5955293774604797,
    "mean_weights": {
      "classical_band_pass": 0.16033880412578583,
      "classical_hard_topk": 0.23471775650978088,
      "quantum_hard_topk": 0.20510700345039368,
      "quantum_high_pass": 0.3998364806175232
    }
  }
}