{
  "baseline": {
    "accuracy": 0.6682068862721717,
    "loss": 1.8153298428524516,
    "macro_f1": 0.24566211738462043,
    "macro_precision": 0.31051384186564535,
    "macro_recall": 0.23040697317600686
  },
  "delta_vs_baseline": {
    "accuracy": -0.00022358026531521524,
    "loss": 0.007380927332219844,
    "macro_f1": -0.002946453477919997,
    "macro_precision": -0.0022575479420808287,
    "macro_recall": -0.003221716321630985
  },
  "steered": {
    "accuracy": 0.6679833060068565,
    "loss": 1.8227107701846714,
    "macro_f1": 0.24271566390670044,
    "macro_precision": 0.3082562939235645,
    "macro_recall": 0.22718525685437588
  }
}