{
  "baseline": {
    "accuracy": 0.2490234375,
    "loss": 3.6830465644598007,
    "macro_f1": 0.18645906326326273,
    "macro_precision": 0.21815685424427217,
    "macro_recall": 0.21647782601786703
  },
  "delta_vs_baseline": {
    "accuracy": 0.0006103515625,
    "loss": 0.004096172749996185,
    "macro_f1": 0.0009042208703420596,
    "macro_precision": 0.0007590280205015398,
    "macro_recall": 0.0004840616007270315
  },
  "steered": {
    "accuracy": 0.2496337890625,
    "loss": 3.687142737209797,
    "macro_f1": 0.18736328413360478,
    "macro_precision": 0.2189158822647737,
    "macro_recall": 0.21696188761859406
  }
}