{
  "baseline": {
    "accuracy": 0.2490234375,
    "loss": 3.6830465644598007,
    "macro_f1": 0.18645906326326273,
    "macro_precision": 0.21815685424427217,
    "macro_recall": 0.21647782601786703
  },
  "delta_vs_baseline": {
    "accuracy": 0.000732421875,
    "loss": 0.0038115084171295166,
    "macro_f1": 0.0010440072312966897,
    "macro_precision": 0.0019888031794479955,
    "macro_recall": 0.0006157952058169214
  },
  "routed": {
    "accuracy": 0.249755859375,
    "loss": 3.6868580728769302,
    "macro_f1": 0.18750307049455942,
    "macro_precision": 0.22014565742372016,
    "macro_recall": 0.21709362122368395
  },
  "routing_summary": {
    "dominant_counts": {
      "classical_hard_topk": 1773,
      "classical_high_pass": 872,
      "quantum_hard_topk": 709,
      "quantum_soft_energy": 4838
    },
    "max_entropy": 1.386290431022644,
    "mean_entropy": 1.3825831413269043,
    "mean_weights": {
      "classical_hard_topk": 0.2527213394641876,
      "classical_high_pass": 0.24841460585594177,
      "quantum_hard_topk": 0.23417842388153076,
      "quantum_soft_energy": 0.26468563079833984
    }
  }
}