{
  "baseline": {
    "accuracy": 0.16157400506781935,
    "loss": 4.846011791735297,
    "macro_f1": 0.11363315521199216,
    "macro_precision": 0.11193189444866954,
    "macro_recall": 0.2186725295463451
  },
  "delta_vs_baseline": {
    "accuracy": -0.000298107020420324,
    "loss": 0.008709150590951786,
    "macro_f1": 0.0013727831992807749,
    "macro_precision": 0.001366822146467675,
    "macro_recall": 0.0007342494711806979
  },
  "steered": {
    "accuracy": 0.16127589804739903,
    "loss": 4.8547209423262485,
    "macro_f1": 0.11500593841127293,
    "macro_precision": 0.11329871659513721,
    "macro_recall": 0.2194067790175258
  }
}