{
  "baseline": {
    "accuracy": 0.16157400506781935,
    "loss": 4.846011791735297,
    "macro_f1": 0.11363315521199216,
    "macro_precision": 0.11193189444866954,
    "macro_recall": 0.2186725295463451
  },
  "delta_vs_baseline": {
    "accuracy": -0.0008197943061559188,
    "loss": 0.0051436970816372,
    "macro_f1": 0.0004739278871230962,
    "macro_precision": 0.00046210083538775204,
    "macro_recall": -0.00014908643088862306
  },
  "routed": {
    "accuracy": 0.16075421076166344,
    "loss": 4.851155488816934,
    "macro_f1": 0.11410708309911526,
    "macro_precision": 0.11239399528405729,
    "macro_recall": 0.2185234431154565
  },
  "routing_summary": {
    "dominant_counts": {
      "classical_band_pass": 2275,
      "classical_hard_topk": 3102,
      "quantum_hard_topk": 1854,
      "quantum_high_pass": 6187
    },
    "max_entropy": 1.1170125007629395,
    "mean_entropy": 0.5522701740264893,
    "mean_weights": {
      "classical_band_pass": 0.2127593606710434,
      "classical_hard_topk": 0.24680010974407196,
      "quantum_hard_topk": 0.1402214765548706,
      "quantum_high_pass": 0.4002190828323364
    }
  }
}