{
  "baseline": {
    "accuracy": 0.2490234375,
    "loss": 3.6830465644598007,
    "macro_f1": 0.18645906326326273,
    "macro_precision": 0.21815685424427217,
    "macro_recall": 0.21647782601786703
  },
  "delta_vs_baseline": {
    "accuracy": 0.0009765625,
    "loss": 0.006197094917297363,
    "macro_f1": 0.0028431803013270196,
    "macro_precision": 0.002816911477786649,
    "macro_recall": 0.0027172804929878613
  },
  "steered": {
    "accuracy": 0.25,
    "loss": 3.689243659377098,
    "macro_f1": 0.18930224356458974,
    "macro_precision": 0.22097376572205882,
    "macro_recall": 0.2191951065108549
  }
}