{
  "baseline": {
    "accuracy": 0.16157400506781935,
    "loss": 4.846011791735297,
    "macro_f1": 0.11363315521199216,
    "macro_precision": 0.11193189444866954,
    "macro_recall": 0.2186725295463451
  },
  "delta_vs_baseline": {
    "accuracy": -0.0014160083469965667,
    "loss": 0.00904973265061848,
    "macro_f1": -0.0002839084358923216,
    "macro_precision": -0.0006256036767817302,
    "macro_recall": 0.00012850862556512688
  },
  "steered": {
    "accuracy": 0.1601579967208228,
    "loss": 4.855061524385915,
    "macro_f1": 0.11334924677609984,
    "macro_precision": 0.1113062907718878,
    "macro_recall": 0.21880103817191024
  }
}