{
  "anchor": "subject_object",
  "baseline": {
    "accuracy": 0.2490234375,
    "loss": 3.6830468140542507,
    "macro_f1": 0.18645906326326273,
    "macro_precision": 0.21815685424427217,
    "macro_recall": 0.21647782601786703
  },
  "best_by_macro_f1": {
    "delta_vs_baseline": {
      "accuracy": 0.00048828125,
      "loss": 0.01910867542028427,
      "macro_f1": 0.0031941921181063426,
      "macro_precision": 0.0038456592277791024,
      "macro_recall": 0.0030379287879081784
    },
    "family": "classical",
    "filter": {
      "energy": 0.9,
      "eps": 1e-08,
      "mode": "hard_topk",
      "rank": 8,
      "sharpness": 8.0,
      "threshold": 0.5
    },
    "filter_diagnostics": {
      "active_directions": 8,
      "effective_rank": 80.29266357421875,
      "energy": 0.9,
      "max_singular_value": 4.475109100341797,
      "min_singular_value": 0.06749821454286575,
      "mode": "hard_topk",
      "num_singular_values": 128,
      "rank": 8,
      "sharpness": 8.0,
      "threshold": 0.5,
      "top_filter_weights": [
        1.0,
        1.0,
        1.0,
        1.0,
        1.0,
        1.0,
        1.0,
        1.0
      ],
      "top_singular_values": [
        4.475109100341797,
        4.11130952835083,
        3.4832568168640137,
        3.305192232131958,
        3.12624192237854,
        2.770362615585327,
        2.661858081817627,
        2.535592794418335
      ],
      "weight_max": 1.0,
      "weight_min": 0.0,
      "weight_sum": 8.0
    },
    "gain": 0.5,
    "metrics": {
      "accuracy": 0.24951171875,
      "loss": 3.702155489474535,
      "macro_f1": 0.18965325538136907,
      "macro_precision": 0.22200251347205127,
      "macro_recall": 0.2195157548057752
    },
    "projector_stats": {
      "fro_norm": 2.8284265995025635,
      "max_abs": 0.1580621898174286,
      "trace": 7.999999523162842
    },
    "quantum": {
      "kernel_mean": null,
      "kernel_trace": null,
      "quantum_config": null,
      "state_dim": null
    }
  },
  "best_on_test": {
    "delta_vs_baseline": {
      "accuracy": -0.0030555969593084042,
      "loss": 0.028569028103541783,
      "macro_f1": -0.0006236399477640986,
      "macro_precision": -0.0012599551402791703,
      "macro_recall": -8.677762365313924e-05
    },
    "family": "classical",
    "filter": {
      "energy": 0.9,
      "eps": 1e-08,
      "mode": "hard_topk",
      "rank": 8,
      "sharpness": 8.0,
      "threshold": 0.5
    },
    "filter_diagnostics": {
      "active_directions": 8,
      "effective_rank": 80.29266357421875,
      "energy": 0.9,
      "max_singular_value": 4.475109100341797,
      "min_singular_value": 0.06749821454286575,
      "mode": "hard_topk",
      "num_singular_values": 128,
      "rank": 8,
      "sharpness": 8.0,
      "threshold": 0.5,
      "top_filter_weights": [
        1.0,
        1.0,
        1.0,
        1.0,
        1.0,
        1.0,
        1.0,
        1.0
      ],
      "top_singular_values": [
        4.475109100341797,
        4.11130952835083,
        3.4832568168640137,
        3.305192232131958,
        3.12624192237854,
        2.770362615585327,
        2.661858081817627,
        2.535592794418335
      ],
      "weight_max": 1.0,
      "weight_min": 0.0,
      "weight_sum": 8.0
    },
    "gain": 0.5,
    "metrics": {
      "accuracy": 0.15851840810851095,
      "loss": 4.8745808198388385,
      "macro_f1": 0.11300951526422806,
      "macro_precision": 0.11067193930839037,
      "macro_recall": 0.21858575192269197
    },
    "projector_stats": {
      "fro_norm": 2.8284265995025635,
      "max_abs": 0.1580621898174286,
      "trace": 7.999999523162842
    },
    "quantum": {
      "kernel_mean": null,
      "kernel_trace": null,
      "quantum_config": null,
      "state_dim": null
    },
    "selected_on": "/root/projects/Q-Attention/runs/retacred_low_resource_gpu/smoke_data/valid.jsonl",
    "selection_metrics": {
      "accuracy": 0.24951171875,
      "loss": 3.702155489474535,
      "macro_f1": 0.18965325538136907,
      "macro_precision": 0.22200251347205127,
      "macro_recall": 0.2195157548057752
    }
  },
  "eval_path": "/root/projects/Q-Attention/runs/retacred_low_resource_gpu/smoke_data/valid.jsonl",
  "key_collection": {
    "layer_counts": {
      "encoder.layers.0.attn.key_proj": 7038,
      "encoder.layers.1.attn.key_proj": 7038,
      "encoder.layers.2.attn.key_proj": 7038
    },
    "num_batches": 16,
    "num_vectors": 4096,
    "sampled_from": 21114
  },
  "model_dir": "/root/projects/Q-Attention/runs/retacred_low_resource_gpu/baseline",
  "num_rows": 18,
  "output_dir": "/root/projects/Q-Attention/runs/retacred_low_resource_gpu/spectral_filter_sweep",
  "projector_data_path": "/root/projects/Q-Attention/runs/retacred_low_resource_gpu/smoke_data/train.jsonl",
  "selection_baseline": {
    "accuracy": 0.2490234375,
    "loss": 3.6830468140542507,
    "macro_f1": 0.18645906326326273,
    "macro_precision": 0.21815685424427217,
    "macro_recall": 0.21647782601786703
  },
  "selection_path": "/root/projects/Q-Attention/runs/retacred_low_resource_gpu/smoke_data/valid.jsonl",
  "test_baseline": {
    "accuracy": 0.16157400506781935,
    "loss": 4.846011791735297,
    "macro_f1": 0.11363315521199216,
    "macro_precision": 0.11193189444866954,
    "macro_recall": 0.2186725295463451
  },
  "test_path": "/root/projects/Q-Attention/data/relation/retacred/test.jsonl"
}