{
  "baseline": {
    "accuracy": 0.6591605392156863,
    "loss": 1.819822831091538,
    "macro_f1": 0.2936368085441275,
    "macro_precision": 0.3728019386996836,
    "macro_recall": 0.2694675975436819
  },
  "delta_vs_baseline": {
    "accuracy": 0.0007148692810456936,
    "loss": 0.002450117098739657,
    "macro_f1": -0.0003689338274519005,
    "macro_precision": -0.0009386602744956285,
    "macro_recall": -0.0006162858681192374
  },
  "routed": {
    "accuracy": 0.659875408496732,
    "loss": 1.8222729481902777,
    "macro_f1": 0.2932678747166756,
    "macro_precision": 0.37186327842518796,
    "macro_recall": 0.26885131167556264
  },
  "routing_summary": {
    "dominant_counts": {
      "classical_hard_topk": 4384,
      "classical_high_pass": 3397,
      "quantum_hard_topk": 3514,
      "quantum_soft_energy": 8289
    },
    "max_entropy": 1.386290431022644,
    "mean_entropy": 1.3827943801879883,
    "mean_weights": {
      "classical_hard_topk": 0.25031912326812744,
      "classical_high_pass": 0.24937927722930908,
      "quantum_hard_topk": 0.24836590886116028,
      "quantum_soft_energy": 0.2519357204437256
    }
  }
}