{
  "baseline": {
    "accuracy": 0.2490234375,
    "loss": 3.6830465644598007,
    "macro_f1": 0.18645906326326273,
    "macro_precision": 0.21815685424427217,
    "macro_recall": 0.21647782601786703
  },
  "delta_vs_baseline": {
    "accuracy": 0.000244140625,
    "loss": 0.003485850989818573,
    "macro_f1": 0.0008396332188039535,
    "macro_precision": 0.0006818178818994436,
    "macro_recall": 0.0008187375021955212
  },
  "routed": {
    "accuracy": 0.249267578125,
    "loss": 3.6865324154496193,
    "macro_f1": 0.18729869648206668,
    "macro_precision": 0.2188386721261716,
    "macro_recall": 0.21729656352006255
  },
  "routing_summary": {
    "dominant_counts": {
      "classical_band_pass": 1604,
      "classical_hard_topk": 2211,
      "quantum_hard_topk": 781,
      "quantum_high_pass": 3596
    },
    "max_entropy": 1.1170262098312378,
    "mean_entropy": 0.5762930512428284,
    "mean_weights": {
      "classical_band_pass": 0.2249259054660797,
      "classical_hard_topk": 0.291892945766449,
      "quantum_hard_topk": 0.10343562811613083,
      "quantum_high_pass": 0.3797455132007599
    }
  }
}