{
  "baseline": {
    "accuracy": 0.14823371590400955,
    "loss": 4.748732230723357,
    "macro_f1": 0.12192264061509331,
    "macro_precision": 0.12390753662719396,
    "macro_recall": 0.21080614113796065
  },
  "delta_vs_baseline": {
    "accuracy": -0.0019376956327321615,
    "loss": 0.00873944620418765,
    "macro_f1": -0.0031152454932122098,
    "macro_precision": -0.002830691201405028,
    "macro_recall": -0.005295994489355665
  },
  "steered": {
    "accuracy": 0.1462960202712774,
    "loss": 4.757471676927545,
    "macro_f1": 0.1188073951218811,
    "macro_precision": 0.12107684542578893,
    "macro_recall": 0.20551014664860498
  }
}