{
  "baseline": {
    "accuracy": 0.14823371590400955,
    "loss": 4.748732230723357,
    "macro_f1": 0.12192264061509331,
    "macro_precision": 0.12390753662719396,
    "macro_recall": 0.21080614113796065
  },
  "delta_vs_baseline": {
    "accuracy": -0.0013414815918914857,
    "loss": 0.004824888548067285,
    "macro_f1": -0.0027243536950839475,
    "macro_precision": -0.002540779493237763,
    "macro_recall": -0.003974733033448918
  },
  "steered": {
    "accuracy": 0.14689223431211806,
    "loss": 4.7535571192714245,
    "macro_f1": 0.11919828692000936,
    "macro_precision": 0.1213667571339562,
    "macro_recall": 0.20683140810451173
  }
}