{
  "baseline": {
    "accuracy": 0.14823371590400955,
    "loss": 4.748732230723357,
    "macro_f1": 0.12192264061509331,
    "macro_precision": 0.12390753662719396,
    "macro_recall": 0.21080614113796065
  },
  "delta_vs_baseline": {
    "accuracy": -0.000149053510210162,
    "loss": 0.004011012665968927,
    "macro_f1": -0.0015886859366952139,
    "macro_precision": -0.0017092694078571224,
    "macro_recall": -0.0020186782144409054
  },
  "routed": {
    "accuracy": 0.1480846623937994,
    "loss": 4.752743243389326,
    "macro_f1": 0.1203339546783981,
    "macro_precision": 0.12219826721933684,
    "macro_recall": 0.20878746292351974
  },
  "routing_summary": {
    "dominant_counts": {
      "classical_band_pass": 903,
      "classical_hard_topk": 1968,
      "quantum_hard_topk": 7771,
      "quantum_high_pass": 2776
    },
    "max_entropy": 1.1158459186553955,
    "mean_entropy": 0.530685544013977,
    "mean_weights": {
      "classical_band_pass": 0.0791756808757782,
      "classical_hard_topk": 0.16182778775691986,
      "quantum_hard_topk": 0.5583622455596924,
      "quantum_high_pass": 0.20063431560993195
    }
  }
}