{
  "anchor": "subject_object",
  "baseline": {
    "accuracy": 0.14246323529411764,
    "loss": 4.625535001941755,
    "macro_f1": 0.12330379318391764,
    "macro_precision": 0.12799205153691476,
    "macro_recall": 0.21625189362068564
  },
  "best_by_macro_f1": {
    "delta_vs_baseline": {
      "accuracy": -0.00025531045751633896,
      "loss": 0.005805186976015619,
      "macro_f1": 0.0007681769724520587,
      "macro_precision": 0.0010768688134417115,
      "macro_recall": 0.00017843196067074407
    },
    "family": "quantum",
    "filter": {
      "energy": 0.9,
      "eps": 1e-08,
      "mode": "hard_topk",
      "rank": 16,
      "sharpness": 8.0,
      "threshold": 0.5
    },
    "filter_diagnostics": {
      "active_directions": 16,
      "effective_rank": 5.679704189300537,
      "energy": 0.9,
      "max_singular_value": 1.6616860628128052,
      "min_singular_value": 1.4111027013541388e-08,
      "mode": "hard_topk",
      "num_singular_values": 128,
      "rank": 16,
      "sharpness": 8.0,
      "threshold": 0.5,
      "top_filter_weights": [
        1.0,
        1.0,
        1.0,
        1.0,
        1.0,
        1.0,
        1.0,
        1.0
      ],
      "top_singular_values": [
        1.6616860628128052,
        0.9792647957801819,
        0.8889561891555786,
        0.8086823225021362,
        0.4903423488140106,
        0.3969629406929016,
        0.008410874754190445,
        0.007525232154875994
      ],
      "weight_max": 1.0,
      "weight_min": 0.0,
      "weight_sum": 16.0
    },
    "gain": 0.25,
    "metrics": {
      "accuracy": 0.1422079248366013,
      "loss": 4.631340188917771,
      "macro_f1": 0.1240719701563697,
      "macro_precision": 0.12906892035035647,
      "macro_recall": 0.2164303255813564
    },
    "projector_stats": {
      "fro_norm": 4.000000476837158,
      "max_abs": 0.23852486908435822,
      "trace": 16.000001907348633
    },
    "quantum": {
      "kernel_mean": 4.413595888763666e-08,
      "kernel_trace": 586.499755859375,
      "quantum_config": {
        "angle_scale": 1.25,
        "eps": 1e-08,
        "kernel_mode": "centered_fidelity",
        "kernel_temperature": 1.0,
        "max_state_dim": 1024,
        "num_qubits": 6,
        "seed": 17
      },
      "state_dim": 64
    }
  },
  "best_on_test": {
    "delta_vs_baseline": {
      "accuracy": -0.0013414815918914857,
      "loss": 0.004824888548067285,
      "macro_f1": -0.0027243536950839475,
      "macro_precision": -0.002540779493237763,
      "macro_recall": -0.003974733033448918
    },
    "family": "quantum",
    "filter": {
      "energy": 0.9,
      "eps": 1e-08,
      "mode": "hard_topk",
      "rank": 16,
      "sharpness": 8.0,
      "threshold": 0.5
    },
    "filter_diagnostics": {
      "active_directions": 16,
      "effective_rank": 5.679704189300537,
      "energy": 0.9,
      "max_singular_value": 1.6616860628128052,
      "min_singular_value": 1.4111027013541388e-08,
      "mode": "hard_topk",
      "num_singular_values": 128,
      "rank": 16,
      "sharpness": 8.0,
      "threshold": 0.5,
      "top_filter_weights": [
        1.0,
        1.0,
        1.0,
        1.0,
        1.0,
        1.0,
        1.0,
        1.0
      ],
      "top_singular_values": [
        1.6616860628128052,
        0.9792647957801819,
        0.8889561891555786,
        0.8086823225021362,
        0.4903423488140106,
        0.3969629406929016,
        0.008410874754190445,
        0.007525232154875994
      ],
      "weight_max": 1.0,
      "weight_min": 0.0,
      "weight_sum": 16.0
    },
    "gain": 0.25,
    "metrics": {
      "accuracy": 0.14689223431211806,
      "loss": 4.7535571192714245,
      "macro_f1": 0.11919828692000936,
      "macro_precision": 0.1213667571339562,
      "macro_recall": 0.20683140810451173
    },
    "projector_stats": {
      "fro_norm": 4.000000476837158,
      "max_abs": 0.23852486908435822,
      "trace": 16.000001907348633
    },
    "quantum": {
      "kernel_mean": 4.413595888763666e-08,
      "kernel_trace": 586.499755859375,
      "quantum_config": {
        "angle_scale": 1.25,
        "eps": 1e-08,
        "kernel_mode": "centered_fidelity",
        "kernel_temperature": 1.0,
        "max_state_dim": 1024,
        "num_qubits": 6,
        "seed": 17
      },
      "state_dim": 64
    },
    "selected_on": "/root/projects/Q-Attention/data/relation/retacred/valid.jsonl",
    "selection_metrics": {
      "accuracy": 0.1422079248366013,
      "loss": 4.631340188917771,
      "macro_f1": 0.1240719701563697,
      "macro_precision": 0.12906892035035647,
      "macro_recall": 0.2164303255813564
    }
  },
  "eval_path": "/root/projects/Q-Attention/data/relation/retacred/valid.jsonl",
  "key_collection": {
    "layer_counts": {
      "encoder.layers.0.attn.key_proj": 7038,
      "encoder.layers.1.attn.key_proj": 7038,
      "encoder.layers.2.attn.key_proj": 7038
    },
    "num_batches": 16,
    "num_vectors": 4096,
    "sampled_from": 21114
  },
  "model_dir": "/root/projects/Q-Attention/runs/retacred_low_resource_gpu/20260720-222730/baseline",
  "num_rows": 18,
  "output_dir": "/root/projects/Q-Attention/runs/retacred_low_resource_gpu/20260720-222730/spectral_filter_sweep",
  "projector_data_path": "/root/projects/Q-Attention/runs/retacred_low_resource_gpu/20260720-222730/smoke_data/train.jsonl",
  "selection_baseline": {
    "accuracy": 0.14246323529411764,
    "loss": 4.625535001941755,
    "macro_f1": 0.12330379318391764,
    "macro_precision": 0.12799205153691476,
    "macro_recall": 0.21625189362068564
  },
  "selection_path": "/root/projects/Q-Attention/data/relation/retacred/valid.jsonl",
  "test_baseline": {
    "accuracy": 0.14823371590400955,
    "loss": 4.748732230723357,
    "macro_f1": 0.12192264061509331,
    "macro_precision": 0.12390753662719396,
    "macro_recall": 0.21080614113796065
  },
  "test_path": "/root/projects/Q-Attention/data/relation/retacred/test.jsonl"
}